{
  "livedIn": {
    "label": "Lived in",
    "counties": [
      {
        "name": "Santa_Clara__CA",
        "visitDate": "2004-07-30",
        "countyName": "Santa Clara, CA"
      },
      {
        "name": "Alameda__CA",
        "visitDate": "2004-07-30",
        "countyName": "Alameda, CA"
      },
      {
        "name": "Fulton__GA",
        "visitDate": "2022-08-08",
        "countyName": "Fulton, GA"
      }
    ]
  },
  "visited2012": {
    "label": "Visited by 2012",
    "counties": [
      {
        "name": "San_Mateo__CA",
        "visitDate": "2012-01-01",
        "countyName": "San Mateo, CA"
      },
      {
        "name": "San_Francisco__CA",
        "visitDate": "2012-01-01",
        "countyName": "San Francisco, CA"
      },
      {
        "name": "Marin__CA",
        "visitDate": "2012-01-01",
        "countyName": "Marin, CA"
      },
      {
        "name": "Sonoma__CA",
        "visitDate": "2012-01-01",
        "countyName": "Sonoma, CA"
      },
      {
        "name": "Napa__CA",
        "visitDate": "2012-01-01",
        "countyName": "Napa, CA"
      },
      {
        "name": "Solano__CA",
        "visitDate": "2012-01-01",
        "countyName": "Solano, CA"
      },
      {
        "name": "Contra_Costa__CA",
        "visitDate": "2012-01-01",
        "countyName": "Contra Costa, CA"
      },
      {
        "name": "Santa_Cruz__CA",
        "visitDate": "2012-01-01",
        "countyName": "Santa Cruz, CA"
      },
      {
        "name": "Yolo__CA",
        "visitDate": "2012-01-01",
        "countyName": "Yolo, CA"
      },
      {
        "name": "Lake__CA",
        "visitDate": "2012-01-01",
        "countyName": "Lake, CA"
      },
      {
        "name": "Colusa__CA",
        "visitDate": "2012-01-01",
        "countyName": "Colusa, CA"
      },
      {
        "name": "Sacramento__CA",
        "visitDate": "2012-01-01",
        "countyName": "Sacramento, CA"
      },
      {
        "name": "Placer__CA",
        "visitDate": "2012-01-01",
        "countyName": "Placer, CA"
      },
      {
        "name": "Nevada__CA",
        "visitDate": "2012-01-01",
        "countyName": "Nevada, CA"
      },
      {
        "name": "Sierra__CA",
        "visitDate": "2012-01-01",
        "countyName": "Sierra, CA"
      },
      {
        "name": "Washoe__NV",
        "visitDate": "2012-01-01",
        "countyName": "Washoe, NV"
      },
      {
        "name": "Carson_City__NV",
        "visitDate": "2012-01-01",
        "countyName": "Carson City, NV"
      },
      {
        "name": "Douglas__NV",
        "visitDate": "2012-01-01",
        "countyName": "Douglas, NV"
      },
      {
        "name": "El_Dorado__CA",
        "visitDate": "2012-01-01",
        "countyName": "El Dorado, CA"
      },
      {
        "name": "San_Joaquin__CA",
        "visitDate": "2012-01-01",
        "countyName": "San Joaquin, CA"
      },
      {
        "name": "Stanislaus__CA",
        "visitDate": "2012-01-01",
        "countyName": "Stanislaus, CA"
      },
      {
        "name": "Merced__CA",
        "visitDate": "2012-01-01",
        "countyName": "Merced, CA"
      },
      {
        "name": "Tuolumne__CA",
        "visitDate": "2012-01-01",
        "countyName": "Tuolumne, CA"
      },
      {
        "name": "Mariposa__CA",
        "visitDate": "2012-01-01",
        "countyName": "Mariposa, CA"
      },
      {
        "name": "San_Benito__CA",
        "visitDate": "2012-01-01",
        "countyName": "San Benito, CA"
      },
      {
        "name": "Monterey__CA",
        "visitDate": "2012-01-01",
        "countyName": "Monterey, CA"
      },
      {
        "name": "Fresno__CA",
        "visitDate": "2012-01-01",
        "countyName": "Fresno, CA"
      },
      {
        "name": "Kings__CA",
        "visitDate": "2012-01-01",
        "countyName": "Kings, CA"
      },
      {
        "name": "Kern__CA",
        "visitDate": "2012-01-01",
        "countyName": "Kern, CA"
      },
      {
        "name": "Los_Angeles__CA",
        "visitDate": "2012-01-01",
        "countyName": "Los Angeles, CA"
      },
      {
        "name": "San_Bernardino__CA",
        "visitDate": "2012-01-01",
        "countyName": "San Bernardino, CA"
      },
      {
        "name": "Clark__NV",
        "visitDate": "2012-01-01",
        "countyName": "Clark, NV"
      }
    ]
  },
  "visited2013": {
    "label": "Visited 2013",
    "counties": [
      {
        "name": "Duval__FL",
        "visitDate": "2013-06-18",
        "countyName": "Duval, FL"
      },
      {
        "name": "Clay__FL",
        "visitDate": "2013-06-19",
        "countyName": "Clay, FL"
      },
      {
        "name": "Bradford__FL",
        "visitDate": "2013-06-19",
        "countyName": "Bradford, FL"
      },
      {
        "name": "Alachua__FL",
        "visitDate": "2013-06-19",
        "countyName": "Alachua, FL"
      },
      {
        "name": "Putnam__FL",
        "visitDate": "2013-06-22",
        "countyName": "Putnam, FL"
      },
      {
        "name": "St__Johns__FL",
        "visitDate": "2013-06-22",
        "countyName": "St. Johns, FL"
      },
      {
        "name": "Flagler__FL",
        "visitDate": "2013-06-22",
        "countyName": "Flagler, FL"
      },
      {
        "name": "Volusia__FL",
        "visitDate": "2013-06-22",
        "countyName": "Volusia, FL"
      },
      {
        "name": "Brevard__FL",
        "visitDate": "2013-06-23",
        "countyName": "Brevard, FL"
      },
      {
        "name": "Orange__FL",
        "visitDate": "2013-06-23",
        "countyName": "Orange, FL"
      },
      {
        "name": "Seminole__FL",
        "visitDate": "2013-06-23",
        "countyName": "Seminole, FL"
      },
      {
        "name": "Lake__FL",
        "visitDate": "2013-06-23",
        "countyName": "Lake, FL"
      },
      {
        "name": "Marion__FL",
        "visitDate": "2013-06-23",
        "countyName": "Marion, FL"
      },
      {
        "name": "Tulare__CA",
        "visitDate": "2013-07-15",
        "countyName": "Tulare, CA"
      },
      {
        "name": "Madera__CA",
        "visitDate": "2013-07-15",
        "countyName": "Madera, CA"
      }
    ]
  },
  "visited2014": {
    "label": "Visited 2014",
    "counties": [
      {
        "name": "Ventura__CA",
        "visitDate": "2014-06-11",
        "countyName": "Ventura, CA"
      },
      {
        "name": "Santa_Barbara__CA",
        "visitDate": "2014-06-12",
        "countyName": "Santa Barbara, CA"
      },
      {
        "name": "San_Luis_Obispo__CA",
        "visitDate": "2014-06-13",
        "countyName": "San Luis Obispo, CA"
      },
      {
        "name": "Orange__CA",
        "visitDate": "2014-06-14",
        "countyName": "Orange, CA"
      },
      {
        "name": "San_Diego__CA",
        "visitDate": "2014-06-15",
        "countyName": "San Diego, CA"
      },
      {
        "name": "Miami_Dade__FL",
        "visitDate": "2014-12-11",
        "countyName": "Miami-Dade, FL"
      },
      {
        "name": "Broward__FL",
        "visitDate": "2014-12-12",
        "countyName": "Broward, FL"
      },
      {
        "name": "Palm_Beach__FL",
        "visitDate": "2014-12-13",
        "countyName": "Palm Beach, FL"
      },
      {
        "name": "St__Lucie__FL",
        "visitDate": "2014-12-14",
        "countyName": "St. Lucie, FL"
      },
      {
        "name": "Martin__FL",
        "visitDate": "2014-12-15",
        "countyName": "Martin, FL"
      },
      {
        "name": "Indian_River__FL",
        "visitDate": "2014-12-16",
        "countyName": "Indian River, FL"
      },
      {
        "name": "Sumter__FL",
        "visitDate": "2014-12-17",
        "countyName": "Sumter, FL"
      },
      {
        "name": "Hernando__FL",
        "visitDate": "2014-12-18",
        "countyName": "Hernando, FL"
      },
      {
        "name": "Pasco__FL",
        "visitDate": "2014-12-19",
        "countyName": "Pasco, FL"
      },
      {
        "name": "Hillsborough__FL",
        "visitDate": "2014-12-20",
        "countyName": "Hillsborough, FL"
      },
      {
        "name": "Manatee__FL",
        "visitDate": "2014-12-20",
        "countyName": "Manatee, FL"
      },
      {
        "name": "Sarasota__FL",
        "visitDate": "2014-12-20",
        "countyName": "Sarasota, FL"
      },
      {
        "name": "DeSoto__FL",
        "visitDate": "2014-12-20",
        "countyName": "DeSoto, FL"
      },
      {
        "name": "Charlotte__FL",
        "visitDate": "2014-12-20",
        "countyName": "Charlotte, FL"
      },
      {
        "name": "Lee__FL",
        "visitDate": "2014-12-20",
        "countyName": "Lee, FL"
      },
      {
        "name": "Collier__FL",
        "visitDate": "2014-12-20",
        "countyName": "Collier, FL"
      }
    ]
  },
  "visited2015": {
    "label": "Visited 2015",
    "counties": [
      {
        "name": "Queens__NY",
        "visitDate": "2015-04-12",
        "countyName": "Queens, NY"
      },
      {
        "name": "Kings__NY",
        "visitDate": "2015-04-12",
        "countyName": "Kings, NY"
      },
      {
        "name": "New_York__NY",
        "visitDate": "2015-04-12",
        "countyName": "New York, NY"
      },
      {
        "name": "Mono__CA",
        "visitDate": "2015-12-25",
        "countyName": "Mono, CA"
      },
      {
        "name": "Inyo__CA",
        "visitDate": "2015-12-25",
        "countyName": "Inyo, CA"
      },
      {
        "name": "Esmeralda__NV",
        "visitDate": "2015-12-25",
        "countyName": "Esmeralda, NV"
      },
      {
        "name": "Nye__NV",
        "visitDate": "2015-12-25",
        "countyName": "Nye, NV"
      }
    ]
  },
  "visited2016": {
    "label": "Visited 2016",
    "counties": [
      {
        "name": "Loudoun__VA",
        "visitDate": "2016-04-14",
        "countyName": "Loudoun, VA"
      },
      {
        "name": "Fairfax_Co___VA",
        "visitDate": "2016-04-14",
        "countyName": "Fairfax Co., VA"
      },
      {
        "name": "Fairfax__VA",
        "visitDate": "2016-04-14",
        "countyName": "Fairfax, VA"
      },
      {
        "name": "Arlington__VA",
        "visitDate": "2016-04-15",
        "countyName": "Arlington, VA"
      },
      {
        "name": "Washington__DC",
        "visitDate": "2016-04-15",
        "countyName": "Washington, DC"
      },
      {
        "name": "Alexandria__VA",
        "visitDate": "2016-04-15",
        "countyName": "Alexandria, VA"
      },
      {
        "name": "Montgomery__MD",
        "visitDate": "2016-04-17",
        "countyName": "Montgomery, MD"
      },
      {
        "name": "Prince_George_s__MD",
        "visitDate": "2016-04-17",
        "countyName": "Prince George's, MD"
      },
      {
        "name": "Howard__MD",
        "visitDate": "2016-04-17",
        "countyName": "Howard, MD"
      },
      {
        "name": "Baltimore_County__MD",
        "visitDate": "2016-04-17",
        "countyName": "Baltimore County, MD"
      },
      {
        "name": "Baltimore_City__MD",
        "visitDate": "2016-04-17",
        "countyName": "Baltimore City, MD"
      },
      {
        "name": "Anne_Arundel__MD",
        "visitDate": "2016-04-17",
        "countyName": "Anne Arundel, MD"
      },
      {
        "name": "Queen_Anne_s__MD",
        "visitDate": "2016-04-17",
        "countyName": "Queen Anne's, MD"
      },
      {
        "name": "Glenn__CA",
        "visitDate": "2016-05-26",
        "countyName": "Glenn, CA"
      },
      {
        "name": "Tehama__CA",
        "visitDate": "2016-05-26",
        "countyName": "Tehama, CA"
      },
      {
        "name": "Shasta__CA",
        "visitDate": "2016-05-26",
        "countyName": "Shasta, CA"
      },
      {
        "name": "Siskiyou__CA",
        "visitDate": "2016-08-06",
        "countyName": "Siskiyou, CA"
      },
      {
        "name": "Klamath__OR",
        "visitDate": "2016-08-06",
        "countyName": "Klamath, OR"
      },
      {
        "name": "Jackson__OR",
        "visitDate": "2016-08-08",
        "countyName": "Jackson, OR"
      },
      {
        "name": "Josephine__OR",
        "visitDate": "2016-08-08",
        "countyName": "Josephine, OR"
      },
      {
        "name": "Del_Norte__CA",
        "visitDate": "2016-08-08",
        "countyName": "Del Norte, CA"
      },
      {
        "name": "Humboldt__CA",
        "visitDate": "2016-08-09",
        "countyName": "Humboldt, CA"
      },
      {
        "name": "Mendocino__CA",
        "visitDate": "2016-08-10",
        "countyName": "Mendocino, CA"
      }
    ]
  },
  "visited2018": {
    "label": "Visited 2018",
    "counties": [
      {
        "name": "Hawaii__HI",
        "visitDate": "2018-02-18",
        "countyName": "Hawaii, HI"
      },
      {
        "name": "Hennepin__MN",
        "visitDate": "2018-07-14",
        "countyName": "Hennepin, MN"
      },
      {
        "name": "Ramsey__MN",
        "visitDate": "2018-07-15",
        "countyName": "Ramsey, MN"
      },
      {
        "name": "Anoka__MN",
        "visitDate": "2018-07-15",
        "countyName": "Anoka, MN"
      },
      {
        "name": "Washington__MN",
        "visitDate": "2018-07-15",
        "countyName": "Washington, MN"
      },
      {
        "name": "Chisago__MN",
        "visitDate": "2018-07-15",
        "countyName": "Chisago, MN"
      },
      {
        "name": "Pine__MN",
        "visitDate": "2018-07-15",
        "countyName": "Pine, MN"
      },
      {
        "name": "Carlton__MN",
        "visitDate": "2018-07-15",
        "countyName": "Carlton, MN"
      },
      {
        "name": "St__Louis__MN",
        "visitDate": "2018-07-15",
        "countyName": "St. Louis, MN"
      },
      {
        "name": "Lake__MN",
        "visitDate": "2018-07-15",
        "countyName": "Lake, MN"
      }
    ]
  },
  "visited2019": {
    "label": "Visited 2019",
    "counties": [
      {
        "name": "Mohave__AZ",
        "visitDate": "2019-12-21",
        "countyName": "Mohave, AZ"
      },
      {
        "name": "Washington__UT",
        "visitDate": "2019-12-21",
        "countyName": "Washington, UT"
      },
      {
        "name": "Kane__UT",
        "visitDate": "2019-12-22",
        "countyName": "Kane, UT"
      },
      {
        "name": "Garfield__UT",
        "visitDate": "2019-12-22",
        "countyName": "Garfield, UT"
      },
      {
        "name": "Piute__UT",
        "visitDate": "2019-12-24",
        "countyName": "Piute, UT"
      },
      {
        "name": "Wayne__UT",
        "visitDate": "2019-12-24",
        "countyName": "Wayne, UT"
      },
      {
        "name": "Sevier__UT",
        "visitDate": "2019-12-24",
        "countyName": "Sevier, UT"
      },
      {
        "name": "Emery__UT",
        "visitDate": "2019-12-25",
        "countyName": "Emery, UT"
      },
      {
        "name": "Grand__UT",
        "visitDate": "2019-12-25",
        "countyName": "Grand, UT"
      },
      {
        "name": "San_Juan__UT",
        "visitDate": "2019-12-25",
        "countyName": "San Juan, UT"
      },
      {
        "name": "Carbon__UT",
        "visitDate": "2019-12-29",
        "countyName": "Carbon, UT"
      },
      {
        "name": "Utah__UT",
        "visitDate": "2019-12-29",
        "countyName": "Utah, UT"
      },
      {
        "name": "Wasatch__UT",
        "visitDate": "2019-12-29",
        "countyName": "Wasatch, UT"
      },
      {
        "name": "Salt_Lake__UT",
        "visitDate": "2019-12-29",
        "countyName": "Salt Lake, UT"
      },
      {
        "name": "Davis__UT",
        "visitDate": "2019-12-30",
        "countyName": "Davis, UT"
      }
    ]
  },
  "visited2020": {
    "label": "Visited 2020",
    "counties": [
      {
        "name": "Deschutes__OR",
        "visitDate": "2020-08-07",
        "countyName": "Deschutes, OR"
      },
      {
        "name": "Jefferson__OR",
        "visitDate": "2020-08-07",
        "countyName": "Jefferson, OR"
      },
      {
        "name": "Wasco__OR",
        "visitDate": "2020-08-07",
        "countyName": "Wasco, OR"
      },
      {
        "name": "Sherman__OR",
        "visitDate": "2020-08-07",
        "countyName": "Sherman, OR"
      },
      {
        "name": "Klickitat__WA",
        "visitDate": "2020-08-07",
        "countyName": "Klickitat, WA"
      },
      {
        "name": "Yakima__WA",
        "visitDate": "2020-08-07",
        "countyName": "Yakima, WA"
      },
      {
        "name": "Lewis__WA",
        "visitDate": "2020-08-07",
        "countyName": "Lewis, WA"
      },
      {
        "name": "Pierce__WA",
        "visitDate": "2020-08-08",
        "countyName": "Pierce, WA"
      },
      {
        "name": "Cowlitz__WA",
        "visitDate": "2020-08-09",
        "countyName": "Cowlitz, WA"
      },
      {
        "name": "Skamania__WA",
        "visitDate": "2020-08-09",
        "countyName": "Skamania, WA"
      },
      {
        "name": "Columbia__OR",
        "visitDate": "2020-08-09",
        "countyName": "Columbia, OR"
      },
      {
        "name": "Clatsop__OR",
        "visitDate": "2020-08-09",
        "countyName": "Clatsop, OR"
      },
      {
        "name": "Tillamook__OR",
        "visitDate": "2020-08-10",
        "countyName": "Tillamook, OR"
      },
      {
        "name": "Washington__OR",
        "visitDate": "2020-08-10",
        "countyName": "Washington, OR"
      },
      {
        "name": "Multnomah__OR",
        "visitDate": "2020-08-10",
        "countyName": "Multnomah, OR"
      },
      {
        "name": "Clackamas__OR",
        "visitDate": "2020-08-10",
        "countyName": "Clackamas, OR"
      },
      {
        "name": "Marion__OR",
        "visitDate": "2020-08-10",
        "countyName": "Marion, OR"
      },
      {
        "name": "Linn__OR",
        "visitDate": "2020-08-10",
        "countyName": "Linn, OR"
      },
      {
        "name": "Lane__OR",
        "visitDate": "2020-08-10",
        "countyName": "Lane, OR"
      },
      {
        "name": "Douglas__OR",
        "visitDate": "2020-08-10",
        "countyName": "Douglas, OR"
      }
    ]
  },
  "visited2021": {
    "label": "Visited 2021",
    "counties": [
      {
        "name": "Storey__NV",
        "visitDate": "2021-06-10",
        "countyName": "Storey, NV"
      },
      {
        "name": "Lyon__NV",
        "visitDate": "2021-06-10",
        "countyName": "Lyon, NV"
      },
      {
        "name": "Churchill__NV",
        "visitDate": "2021-06-10",
        "countyName": "Churchill, NV"
      },
      {
        "name": "Pershing__NV",
        "visitDate": "2021-06-10",
        "countyName": "Pershing, NV"
      },
      {
        "name": "Humboldt__NV",
        "visitDate": "2021-06-10",
        "countyName": "Humboldt, NV"
      },
      {
        "name": "Malheur__OR",
        "visitDate": "2021-06-10",
        "countyName": "Malheur, OR"
      },
      {
        "name": "Owyhee__ID",
        "visitDate": "2021-06-11",
        "countyName": "Owyhee, ID"
      },
      {
        "name": "Canyon__ID",
        "visitDate": "2021-06-11",
        "countyName": "Canyon, ID"
      },
      {
        "name": "Ada__ID",
        "visitDate": "2021-06-11",
        "countyName": "Ada, ID"
      },
      {
        "name": "Elmore__ID",
        "visitDate": "2021-06-11",
        "countyName": "Elmore, ID"
      },
      {
        "name": "Gooding__ID",
        "visitDate": "2021-06-11",
        "countyName": "Gooding, ID"
      },
      {
        "name": "Jerome__ID",
        "visitDate": "2021-06-11",
        "countyName": "Jerome, ID"
      },
      {
        "name": "Twin_Falls__ID",
        "visitDate": "2021-06-11",
        "countyName": "Twin Falls, ID"
      },
      {
        "name": "Lincoln__ID",
        "visitDate": "2021-06-11",
        "countyName": "Lincoln, ID"
      },
      {
        "name": "Blaine__ID",
        "visitDate": "2021-06-11",
        "countyName": "Blaine, ID"
      },
      {
        "name": "Butte__ID",
        "visitDate": "2021-06-11",
        "countyName": "Butte, ID"
      },
      {
        "name": "Bingham__ID",
        "visitDate": "2021-06-11",
        "countyName": "Bingham, ID"
      },
      {
        "name": "Bonneville__ID",
        "visitDate": "2021-06-11",
        "countyName": "Bonneville, ID"
      },
      {
        "name": "Teton__ID",
        "visitDate": "2021-06-11",
        "countyName": "Teton, ID"
      },
      {
        "name": "Teton__WY",
        "visitDate": "2021-06-11",
        "countyName": "Teton, WY"
      },
      {
        "name": "Park__WY",
        "visitDate": "2021-06-13",
        "countyName": "Park, WY"
      },
      {
        "name": "Gallatin__MT",
        "visitDate": "2021-06-13",
        "countyName": "Gallatin, MT"
      },
      {
        "name": "Carbon__MT",
        "visitDate": "2021-06-16",
        "countyName": "Carbon, MT"
      },
      {
        "name": "Park__MT",
        "visitDate": "2021-06-16",
        "countyName": "Park, MT"
      },
      {
        "name": "Broadwater__MT",
        "visitDate": "2021-06-17",
        "countyName": "Broadwater, MT"
      },
      {
        "name": "Jefferson__MT",
        "visitDate": "2021-06-17",
        "countyName": "Jefferson, MT"
      },
      {
        "name": "Lewis_and_Clark__MT",
        "visitDate": "2021-06-17",
        "countyName": "Lewis and Clark, MT"
      },
      {
        "name": "Teton__MT",
        "visitDate": "2021-06-17",
        "countyName": "Teton, MT"
      },
      {
        "name": "Pondera__MT",
        "visitDate": "2021-06-17",
        "countyName": "Pondera, MT"
      },
      {
        "name": "Glacier__MT",
        "visitDate": "2021-06-17",
        "countyName": "Glacier, MT"
      },
      {
        "name": "Flathead__MT",
        "visitDate": "2021-06-19",
        "countyName": "Flathead, MT"
      },
      {
        "name": "Lincoln__MT",
        "visitDate": "2021-06-19",
        "countyName": "Lincoln, MT"
      },
      {
        "name": "Sanders__MT",
        "visitDate": "2021-06-20",
        "countyName": "Sanders, MT"
      },
      {
        "name": "Bonner__ID",
        "visitDate": "2021-06-20",
        "countyName": "Bonner, ID"
      },
      {
        "name": "Kootenai__ID",
        "visitDate": "2021-06-20",
        "countyName": "Kootenai, ID"
      },
      {
        "name": "Spokane__WA",
        "visitDate": "2021-06-20",
        "countyName": "Spokane, WA"
      },
      {
        "name": "Lincoln__WA",
        "visitDate": "2021-06-20",
        "countyName": "Lincoln, WA"
      },
      {
        "name": "Grant__WA",
        "visitDate": "2021-06-20",
        "countyName": "Grant, WA"
      },
      {
        "name": "Douglas__WA",
        "visitDate": "2021-06-20",
        "countyName": "Douglas, WA"
      },
      {
        "name": "Okanogan__WA",
        "visitDate": "2021-06-20",
        "countyName": "Okanogan, WA"
      },
      {
        "name": "Chelan__WA",
        "visitDate": "2021-06-20",
        "countyName": "Chelan, WA"
      },
      {
        "name": "Skagit__WA",
        "visitDate": "2021-06-20",
        "countyName": "Skagit, WA"
      },
      {
        "name": "Whatcom__WA",
        "visitDate": "2021-06-20",
        "countyName": "Whatcom, WA"
      },
      {
        "name": "Snohomish__WA",
        "visitDate": "2021-06-20",
        "countyName": "Snohomish, WA"
      },
      {
        "name": "King__WA",
        "visitDate": "2021-06-20",
        "countyName": "King, WA"
      },
      {
        "name": "Kitsap__WA",
        "visitDate": "2021-06-24",
        "countyName": "Kitsap, WA"
      },
      {
        "name": "Jefferson__WA",
        "visitDate": "2021-06-24",
        "countyName": "Jefferson, WA"
      },
      {
        "name": "Clallam__WA",
        "visitDate": "2021-06-24",
        "countyName": "Clallam, WA"
      },
      {
        "name": "Grays_Harbor__WA",
        "visitDate": "2021-06-26",
        "countyName": "Grays Harbor, WA"
      },
      {
        "name": "Thurston__WA",
        "visitDate": "2021-06-26",
        "countyName": "Thurston, WA"
      },
      {
        "name": "Clark__WA",
        "visitDate": "2021-06-26",
        "countyName": "Clark, WA"
      },
      {
        "name": "Riverside__CA",
        "visitDate": "2021-12-20",
        "countyName": "Riverside, CA"
      },
      {
        "name": "La_Paz__AZ",
        "visitDate": "2021-12-21",
        "countyName": "La Paz, AZ"
      },
      {
        "name": "Maricopa__AZ",
        "visitDate": "2021-12-21",
        "countyName": "Maricopa, AZ"
      },
      {
        "name": "Pinal__AZ",
        "visitDate": "2021-12-21",
        "countyName": "Pinal, AZ"
      },
      {
        "name": "Pima__AZ",
        "visitDate": "2021-12-21",
        "countyName": "Pima, AZ"
      },
      {
        "name": "Yavapai__AZ",
        "visitDate": "2021-12-24",
        "countyName": "Yavapai, AZ"
      },
      {
        "name": "Coconino__AZ",
        "visitDate": "2021-12-27",
        "countyName": "Coconino, AZ"
      }
    ]
  },
  "visited2022": {
    "label": "Visited 2022",
    "counties": [
      {
        "name": "Clayton__GA",
        "visitDate": "2022-02-21",
        "countyName": "Clayton, GA"
      },
      {
        "name": "DeKalb__GA",
        "visitDate": "2022-02-21",
        "countyName": "DeKalb, GA"
      },
      {
        "name": "Cobb__GA",
        "visitDate": "2022-02-22",
        "countyName": "Cobb, GA"
      },
      {
        "name": "Henry__GA",
        "visitDate": "2022-02-23",
        "countyName": "Henry, GA"
      },
      {
        "name": "Spalding__GA",
        "visitDate": "2022-02-23",
        "countyName": "Spalding, GA"
      },
      {
        "name": "Butts__GA",
        "visitDate": "2022-02-23",
        "countyName": "Butts, GA"
      },
      {
        "name": "Lamar__GA",
        "visitDate": "2022-02-23",
        "countyName": "Lamar, GA"
      },
      {
        "name": "Monroe__GA",
        "visitDate": "2022-02-23",
        "countyName": "Monroe, GA"
      },
      {
        "name": "Bibb__GA",
        "visitDate": "2022-02-23",
        "countyName": "Bibb, GA"
      },
      {
        "name": "Twiggs__GA",
        "visitDate": "2022-02-23",
        "countyName": "Twiggs, GA"
      },
      {
        "name": "Bleckley__GA",
        "visitDate": "2022-02-23",
        "countyName": "Bleckley, GA"
      },
      {
        "name": "Laurens__GA",
        "visitDate": "2022-02-23",
        "countyName": "Laurens, GA"
      },
      {
        "name": "Treutlen__GA",
        "visitDate": "2022-02-23",
        "countyName": "Treutlen, GA"
      },
      {
        "name": "Emanuel__GA",
        "visitDate": "2022-02-23",
        "countyName": "Emanuel, GA"
      },
      {
        "name": "Candler__GA",
        "visitDate": "2022-02-23",
        "countyName": "Candler, GA"
      },
      {
        "name": "Bulloch__GA",
        "visitDate": "2022-02-23",
        "countyName": "Bulloch, GA"
      },
      {
        "name": "Bryan__GA",
        "visitDate": "2022-02-23",
        "countyName": "Bryan, GA"
      },
      {
        "name": "Effingham__GA",
        "visitDate": "2022-02-23",
        "countyName": "Effingham, GA"
      },
      {
        "name": "Chatham__GA",
        "visitDate": "2022-02-23",
        "countyName": "Chatham, GA"
      },
      {
        "name": "Jasper__SC",
        "visitDate": "2022-02-24",
        "countyName": "Jasper, SC"
      },
      {
        "name": "Beaufort__SC",
        "visitDate": "2022-02-24",
        "countyName": "Beaufort, SC"
      },
      {
        "name": "Hampton__SC",
        "visitDate": "2022-02-24",
        "countyName": "Hampton, SC"
      },
      {
        "name": "Colleton__SC",
        "visitDate": "2022-02-24",
        "countyName": "Colleton, SC"
      },
      {
        "name": "Charleston__SC",
        "visitDate": "2022-02-24",
        "countyName": "Charleston, SC"
      },
      {
        "name": "Berkeley__SC",
        "visitDate": "2022-02-25",
        "countyName": "Berkeley, SC"
      },
      {
        "name": "Dorchester__SC",
        "visitDate": "2022-02-25",
        "countyName": "Dorchester, SC"
      },
      {
        "name": "Orangeburg__SC",
        "visitDate": "2022-02-25",
        "countyName": "Orangeburg, SC"
      },
      {
        "name": "Calhoun__SC",
        "visitDate": "2022-02-25",
        "countyName": "Calhoun, SC"
      },
      {
        "name": "Lexington__SC",
        "visitDate": "2022-02-25",
        "countyName": "Lexington, SC"
      },
      {
        "name": "Richland__SC",
        "visitDate": "2022-02-25",
        "countyName": "Richland, SC"
      },
      {
        "name": "Fairfield__SC",
        "visitDate": "2022-02-25",
        "countyName": "Fairfield, SC"
      },
      {
        "name": "Chester__SC",
        "visitDate": "2022-02-25",
        "countyName": "Chester, SC"
      },
      {
        "name": "York__SC",
        "visitDate": "2022-02-25",
        "countyName": "York, SC"
      },
      {
        "name": "Mecklenburg__NC",
        "visitDate": "2022-02-25",
        "countyName": "Mecklenburg, NC"
      },
      {
        "name": "Cabarrus__NC",
        "visitDate": "2022-02-25",
        "countyName": "Cabarrus, NC"
      },
      {
        "name": "Rowan__NC",
        "visitDate": "2022-02-25",
        "countyName": "Rowan, NC"
      },
      {
        "name": "Davidson__NC",
        "visitDate": "2022-02-25",
        "countyName": "Davidson, NC"
      },
      {
        "name": "Randolph__NC",
        "visitDate": "2022-02-25",
        "countyName": "Randolph, NC"
      },
      {
        "name": "Guilford__NC",
        "visitDate": "2022-02-25",
        "countyName": "Guilford, NC"
      },
      {
        "name": "Alamance__NC",
        "visitDate": "2022-02-25",
        "countyName": "Alamance, NC"
      },
      {
        "name": "Orange__NC",
        "visitDate": "2022-02-25",
        "countyName": "Orange, NC"
      },
      {
        "name": "Durham__NC",
        "visitDate": "2022-02-25",
        "countyName": "Durham, NC"
      },
      {
        "name": "Wake__NC",
        "visitDate": "2022-02-25",
        "countyName": "Wake, NC"
      },
      {
        "name": "Honolulu__HI",
        "visitDate": "2022-03-19",
        "countyName": "Honolulu, HI"
      },
      {
        "name": "Maui__HI",
        "visitDate": "2022-03-24",
        "countyName": "Maui, HI"
      },
      {
        "name": "Yuba__CA",
        "visitDate": "2022-04-11",
        "countyName": "Yuba, CA"
      },
      {
        "name": "Butte__CA",
        "visitDate": "2022-04-11",
        "countyName": "Butte, CA"
      },
      {
        "name": "Sutter__CA",
        "visitDate": "2022-04-12",
        "countyName": "Sutter, CA"
      },
      {
        "name": "Amador__CA",
        "visitDate": "2022-07-11",
        "countyName": "Amador, CA"
      },
      {
        "name": "Alpine__CA",
        "visitDate": "2022-07-11",
        "countyName": "Alpine, CA"
      },
      {
        "name": "Lander__NV",
        "visitDate": "2022-07-12",
        "countyName": "Lander, NV"
      },
      {
        "name": "Eureka__NV",
        "visitDate": "2022-07-12",
        "countyName": "Eureka, NV"
      },
      {
        "name": "White_Pine__NV",
        "visitDate": "2022-07-12",
        "countyName": "White Pine, NV"
      },
      {
        "name": "Millard__UT",
        "visitDate": "2022-07-13",
        "countyName": "Millard, UT"
      },
      {
        "name": "Juab__UT",
        "visitDate": "2022-07-13",
        "countyName": "Juab, UT"
      },
      {
        "name": "Weber__UT",
        "visitDate": "2022-07-15",
        "countyName": "Weber, UT"
      },
      {
        "name": "Box_Elder__UT",
        "visitDate": "2022-07-15",
        "countyName": "Box Elder, UT"
      },
      {
        "name": "Oneida__ID",
        "visitDate": "2022-07-15",
        "countyName": "Oneida, ID"
      },
      {
        "name": "Bannock__ID",
        "visitDate": "2022-07-15",
        "countyName": "Bannock, ID"
      },
      {
        "name": "Custer__ID",
        "visitDate": "2022-07-16",
        "countyName": "Custer, ID"
      },
      {
        "name": "Lemhi__ID",
        "visitDate": "2022-07-17",
        "countyName": "Lemhi, ID"
      },
      {
        "name": "Ravalli__MT",
        "visitDate": "2022-07-17",
        "countyName": "Ravalli, MT"
      },
      {
        "name": "Missoula__MT",
        "visitDate": "2022-07-17",
        "countyName": "Missoula, MT"
      },
      {
        "name": "Lake__MT",
        "visitDate": "2022-07-17",
        "countyName": "Lake, MT"
      },
      {
        "name": "Hood_River__OR",
        "visitDate": "2022-07-25",
        "countyName": "Hood River, OR"
      },
      {
        "name": "Trinity__CA",
        "visitDate": "2022-07-26",
        "countyName": "Trinity, CA"
      },
      {
        "name": "Navajo__AZ",
        "visitDate": "2022-07-31",
        "countyName": "Navajo, AZ"
      },
      {
        "name": "Apache__AZ",
        "visitDate": "2022-07-31",
        "countyName": "Apache, AZ"
      },
      {
        "name": "McKinley__NM",
        "visitDate": "2022-07-31",
        "countyName": "McKinley, NM"
      },
      {
        "name": "Cibola__NM",
        "visitDate": "2022-07-31",
        "countyName": "Cibola, NM"
      },
      {
        "name": "Bernalillo__NM",
        "visitDate": "2022-07-31",
        "countyName": "Bernalillo, NM"
      },
      {
        "name": "Sandoval__NM",
        "visitDate": "2022-07-31",
        "countyName": "Sandoval, NM"
      },
      {
        "name": "Santa_Fe__NM",
        "visitDate": "2022-07-31",
        "countyName": "Santa Fe, NM"
      },
      {
        "name": "Rio_Arriba__NM",
        "visitDate": "2022-08-01",
        "countyName": "Rio Arriba, NM"
      },
      {
        "name": "Taos__NM",
        "visitDate": "2022-08-01",
        "countyName": "Taos, NM"
      },
      {
        "name": "Colfax__NM",
        "visitDate": "2022-08-02",
        "countyName": "Colfax, NM"
      },
      {
        "name": "Union__NM",
        "visitDate": "2022-08-02",
        "countyName": "Union, NM"
      },
      {
        "name": "Dallam__TX",
        "visitDate": "2022-08-02",
        "countyName": "Dallam, TX"
      },
      {
        "name": "Hartley__TX",
        "visitDate": "2022-08-02",
        "countyName": "Hartley, TX"
      },
      {
        "name": "Oldham__TX",
        "visitDate": "2022-08-02",
        "countyName": "Oldham, TX"
      },
      {
        "name": "Potter__TX",
        "visitDate": "2022-08-02",
        "countyName": "Potter, TX"
      },
      {
        "name": "Randall__TX",
        "visitDate": "2022-08-02",
        "countyName": "Randall, TX"
      },
      {
        "name": "Carson__TX",
        "visitDate": "2022-08-03",
        "countyName": "Carson, TX"
      },
      {
        "name": "Gray__TX",
        "visitDate": "2022-08-03",
        "countyName": "Gray, TX"
      },
      {
        "name": "Donley__TX",
        "visitDate": "2022-08-03",
        "countyName": "Donley, TX"
      },
      {
        "name": "Wheeler__TX",
        "visitDate": "2022-08-03",
        "countyName": "Wheeler, TX"
      },
      {
        "name": "Beckham__OK",
        "visitDate": "2022-08-03",
        "countyName": "Beckham, OK"
      },
      {
        "name": "Washita__OK",
        "visitDate": "2022-08-03",
        "countyName": "Washita, OK"
      },
      {
        "name": "Custer__OK",
        "visitDate": "2022-08-03",
        "countyName": "Custer, OK"
      },
      {
        "name": "Caddo__OK",
        "visitDate": "2022-08-03",
        "countyName": "Caddo, OK"
      },
      {
        "name": "Canadian__OK",
        "visitDate": "2022-08-03",
        "countyName": "Canadian, OK"
      },
      {
        "name": "Oklahoma__OK",
        "visitDate": "2022-08-03",
        "countyName": "Oklahoma, OK"
      },
      {
        "name": "Lincoln__OK",
        "visitDate": "2022-08-04",
        "countyName": "Lincoln, OK"
      },
      {
        "name": "Creek__OK",
        "visitDate": "2022-08-04",
        "countyName": "Creek, OK"
      },
      {
        "name": "Tulsa__OK",
        "visitDate": "2022-08-04",
        "countyName": "Tulsa, OK"
      },
      {
        "name": "Wagoner__OK",
        "visitDate": "2022-08-04",
        "countyName": "Wagoner, OK"
      },
      {
        "name": "Rogers__OK",
        "visitDate": "2022-08-04",
        "countyName": "Rogers, OK"
      },
      {
        "name": "Mayes__OK",
        "visitDate": "2022-08-04",
        "countyName": "Mayes, OK"
      },
      {
        "name": "Delaware__OK",
        "visitDate": "2022-08-04",
        "countyName": "Delaware, OK"
      },
      {
        "name": "Benton__AR",
        "visitDate": "2022-08-04",
        "countyName": "Benton, AR"
      },
      {
        "name": "Washington__AR",
        "visitDate": "2022-08-04",
        "countyName": "Washington, AR"
      },
      {
        "name": "Carroll__AR",
        "visitDate": "2022-08-04",
        "countyName": "Carroll, AR"
      },
      {
        "name": "Barry__MO",
        "visitDate": "2022-08-05",
        "countyName": "Barry, MO"
      },
      {
        "name": "McDonald__MO",
        "visitDate": "2022-08-05",
        "countyName": "McDonald, MO"
      },
      {
        "name": "Madison__AR",
        "visitDate": "2022-08-06",
        "countyName": "Madison, AR"
      },
      {
        "name": "Newton__AR",
        "visitDate": "2022-08-06",
        "countyName": "Newton, AR"
      },
      {
        "name": "Pope__AR",
        "visitDate": "2022-08-06",
        "countyName": "Pope, AR"
      },
      {
        "name": "Conway__AR",
        "visitDate": "2022-08-06",
        "countyName": "Conway, AR"
      },
      {
        "name": "Faulkner__AR",
        "visitDate": "2022-08-06",
        "countyName": "Faulkner, AR"
      },
      {
        "name": "Pulaski__AR",
        "visitDate": "2022-08-06",
        "countyName": "Pulaski, AR"
      },
      {
        "name": "Lonoke__AR",
        "visitDate": "2022-08-06",
        "countyName": "Lonoke, AR"
      },
      {
        "name": "Prairie__AR",
        "visitDate": "2022-08-06",
        "countyName": "Prairie, AR"
      },
      {
        "name": "Monroe__AR",
        "visitDate": "2022-08-06",
        "countyName": "Monroe, AR"
      },
      {
        "name": "St__Francis__AR",
        "visitDate": "2022-08-06",
        "countyName": "St. Francis, AR"
      },
      {
        "name": "Crittenden__AR",
        "visitDate": "2022-08-06",
        "countyName": "Crittenden, AR"
      },
      {
        "name": "Shelby__TN",
        "visitDate": "2022-08-06",
        "countyName": "Shelby, TN"
      },
      {
        "name": "DeSoto__MS",
        "visitDate": "2022-08-06",
        "countyName": "DeSoto, MS"
      },
      {
        "name": "Marshall__MS",
        "visitDate": "2022-08-07",
        "countyName": "Marshall, MS"
      },
      {
        "name": "Benton__MS",
        "visitDate": "2022-08-07",
        "countyName": "Benton, MS"
      },
      {
        "name": "Union__MS",
        "visitDate": "2022-08-07",
        "countyName": "Union, MS"
      },
      {
        "name": "Lee__MS",
        "visitDate": "2022-08-07",
        "countyName": "Lee, MS"
      },
      {
        "name": "Itawamba__MS",
        "visitDate": "2022-08-07",
        "countyName": "Itawamba, MS"
      },
      {
        "name": "Marion__AL",
        "visitDate": "2022-08-07",
        "countyName": "Marion, AL"
      },
      {
        "name": "Winston__AL",
        "visitDate": "2022-08-07",
        "countyName": "Winston, AL"
      },
      {
        "name": "Walker__AL",
        "visitDate": "2022-08-07",
        "countyName": "Walker, AL"
      },
      {
        "name": "Jefferson__AL",
        "visitDate": "2022-08-07",
        "countyName": "Jefferson, AL"
      },
      {
        "name": "St__Clair__AL",
        "visitDate": "2022-08-08",
        "countyName": "St. Clair, AL"
      },
      {
        "name": "Talladega__AL",
        "visitDate": "2022-08-08",
        "countyName": "Talladega, AL"
      },
      {
        "name": "Calhoun__AL",
        "visitDate": "2022-08-08",
        "countyName": "Calhoun, AL"
      },
      {
        "name": "Cleburne__AL",
        "visitDate": "2022-08-08",
        "countyName": "Cleburne, AL"
      },
      {
        "name": "Haralson__GA",
        "visitDate": "2022-08-08",
        "countyName": "Haralson, GA"
      },
      {
        "name": "Carroll__GA",
        "visitDate": "2022-08-08",
        "countyName": "Carroll, GA"
      },
      {
        "name": "Douglas__GA",
        "visitDate": "2022-08-08",
        "countyName": "Douglas, GA"
      },
      {
        "name": "Rockdale__GA",
        "visitDate": "2022-08-10",
        "countyName": "Rockdale, GA"
      },
      {
        "name": "Newton__GA",
        "visitDate": "2022-08-10",
        "countyName": "Newton, GA"
      },
      {
        "name": "Walton__GA",
        "visitDate": "2022-08-10",
        "countyName": "Walton, GA"
      },
      {
        "name": "Morgan__GA",
        "visitDate": "2022-08-10",
        "countyName": "Morgan, GA"
      },
      {
        "name": "Putnam__GA",
        "visitDate": "2022-08-10",
        "countyName": "Putnam, GA"
      },
      {
        "name": "Forsyth__GA",
        "visitDate": "2022-10-15",
        "countyName": "Forsyth, GA"
      },
      {
        "name": "Dawson__GA",
        "visitDate": "2022-10-15",
        "countyName": "Dawson, GA"
      },
      {
        "name": "Lumpkin__GA",
        "visitDate": "2022-10-15",
        "countyName": "Lumpkin, GA"
      },
      {
        "name": "Union__GA",
        "visitDate": "2022-10-15",
        "countyName": "Union, GA"
      },
      {
        "name": "Towns__GA",
        "visitDate": "2022-10-15",
        "countyName": "Towns, GA"
      },
      {
        "name": "Cherokee__NC",
        "visitDate": "2022-10-15",
        "countyName": "Cherokee, NC"
      },
      {
        "name": "Graham__NC",
        "visitDate": "2022-10-15",
        "countyName": "Graham, NC"
      },
      {
        "name": "Swain__NC",
        "visitDate": "2022-10-15",
        "countyName": "Swain, NC"
      },
      {
        "name": "Blount__TN",
        "visitDate": "2022-10-16",
        "countyName": "Blount, TN"
      },
      {
        "name": "Sevier__TN",
        "visitDate": "2022-10-16",
        "countyName": "Sevier, TN"
      },
      {
        "name": "Cocke__TN",
        "visitDate": "2022-10-16",
        "countyName": "Cocke, TN"
      },
      {
        "name": "Haywood__NC",
        "visitDate": "2022-10-16",
        "countyName": "Haywood, NC"
      },
      {
        "name": "Jackson__NC",
        "visitDate": "2022-10-17",
        "countyName": "Jackson, NC"
      },
      {
        "name": "Macon__NC",
        "visitDate": "2022-10-17",
        "countyName": "Macon, NC"
      },
      {
        "name": "Rabun__GA",
        "visitDate": "2022-10-17",
        "countyName": "Rabun, GA"
      },
      {
        "name": "Habersham__GA",
        "visitDate": "2022-10-17",
        "countyName": "Habersham, GA"
      },
      {
        "name": "Hall__GA",
        "visitDate": "2022-10-17",
        "countyName": "Hall, GA"
      },
      {
        "name": "Gwinnett__GA",
        "visitDate": "2022-10-17",
        "countyName": "Gwinnett, GA"
      },
      {
        "name": "Cherokee__GA",
        "visitDate": "2022-10-29",
        "countyName": "Cherokee, GA"
      },
      {
        "name": "Bartow__GA",
        "visitDate": "2022-10-29",
        "countyName": "Bartow, GA"
      },
      {
        "name": "Gordon__GA",
        "visitDate": "2022-10-29",
        "countyName": "Gordon, GA"
      },
      {
        "name": "Whitfield__GA",
        "visitDate": "2022-10-29",
        "countyName": "Whitfield, GA"
      },
      {
        "name": "Catoosa__GA",
        "visitDate": "2022-10-29",
        "countyName": "Catoosa, GA"
      },
      {
        "name": "Hamilton__TN",
        "visitDate": "2022-10-29",
        "countyName": "Hamilton, TN"
      },
      {
        "name": "Dade__GA",
        "visitDate": "2022-10-29",
        "countyName": "Dade, GA"
      },
      {
        "name": "Marion__TN",
        "visitDate": "2022-10-29",
        "countyName": "Marion, TN"
      },
      {
        "name": "Grundy__TN",
        "visitDate": "2022-10-29",
        "countyName": "Grundy, TN"
      },
      {
        "name": "Coffee__TN",
        "visitDate": "2022-10-29",
        "countyName": "Coffee, TN"
      },
      {
        "name": "Bedford__TN",
        "visitDate": "2022-10-29",
        "countyName": "Bedford, TN"
      },
      {
        "name": "Rutherford__TN",
        "visitDate": "2022-10-29",
        "countyName": "Rutherford, TN"
      },
      {
        "name": "Davidson__TN",
        "visitDate": "2022-10-29",
        "countyName": "Davidson, TN"
      },
      {
        "name": "Peach__GA",
        "visitDate": "2022-11-19",
        "countyName": "Peach, GA"
      },
      {
        "name": "Houston__GA",
        "visitDate": "2022-11-19",
        "countyName": "Houston, GA"
      },
      {
        "name": "Dooly__GA",
        "visitDate": "2022-11-19",
        "countyName": "Dooly, GA"
      },
      {
        "name": "Crisp__GA",
        "visitDate": "2022-11-19",
        "countyName": "Crisp, GA"
      },
      {
        "name": "Turner__GA",
        "visitDate": "2022-11-19",
        "countyName": "Turner, GA"
      },
      {
        "name": "Tift__GA",
        "visitDate": "2022-11-19",
        "countyName": "Tift, GA"
      },
      {
        "name": "Cook__GA",
        "visitDate": "2022-11-19",
        "countyName": "Cook, GA"
      },
      {
        "name": "Lowndes__GA",
        "visitDate": "2022-11-19",
        "countyName": "Lowndes, GA"
      },
      {
        "name": "Hamilton__FL",
        "visitDate": "2022-11-19",
        "countyName": "Hamilton, FL"
      },
      {
        "name": "Suwannee__FL",
        "visitDate": "2022-11-19",
        "countyName": "Suwannee, FL"
      },
      {
        "name": "Columbia__FL",
        "visitDate": "2022-11-19",
        "countyName": "Columbia, FL"
      },
      {
        "name": "Union__FL",
        "visitDate": "2022-11-19",
        "countyName": "Union, FL"
      },
      {
        "name": "Pinellas__FL",
        "visitDate": "2022-11-19",
        "countyName": "Pinellas, FL"
      },
      {
        "name": "Citrus__FL",
        "visitDate": "2022-11-26",
        "countyName": "Citrus, FL"
      }
    ]
  },
  "visited2023": {
    "label": "Visited 2023",
    "counties": [
      {
        "name": "Coweta__GA",
        "visitDate": "2023-02-26",
        "countyName": "Coweta, GA"
      },
      {
        "name": "Meriwether__GA",
        "visitDate": "2023-02-26",
        "countyName": "Meriwether, GA"
      },
      {
        "name": "Troup__GA",
        "visitDate": "2023-02-26",
        "countyName": "Troup, GA"
      },
      {
        "name": "Harris__GA",
        "visitDate": "2023-02-26",
        "countyName": "Harris, GA"
      },
      {
        "name": "Muscogee__GA",
        "visitDate": "2023-02-26",
        "countyName": "Muscogee, GA"
      },
      {
        "name": "Chattahoochee__GA",
        "visitDate": "2023-02-26",
        "countyName": "Chattahoochee, GA"
      },
      {
        "name": "Stewart__GA",
        "visitDate": "2023-02-26",
        "countyName": "Stewart, GA"
      },
      {
        "name": "Quitman__GA",
        "visitDate": "2023-02-26",
        "countyName": "Quitman, GA"
      },
      {
        "name": "Barbour__AL",
        "visitDate": "2023-02-26",
        "countyName": "Barbour, AL"
      },
      {
        "name": "Bullock__AL",
        "visitDate": "2023-02-26",
        "countyName": "Bullock, AL"
      },
      {
        "name": "Montgomery__AL",
        "visitDate": "2023-02-26",
        "countyName": "Montgomery, AL"
      },
      {
        "name": "Elmore__AL",
        "visitDate": "2023-02-26",
        "countyName": "Elmore, AL"
      },
      {
        "name": "Macon__AL",
        "visitDate": "2023-02-26",
        "countyName": "Macon, AL"
      },
      {
        "name": "Lee__AL",
        "visitDate": "2023-02-26",
        "countyName": "Lee, AL"
      },
      {
        "name": "Chambers__AL",
        "visitDate": "2023-02-26",
        "countyName": "Chambers, AL"
      },
      {
        "name": "Bradley__TN",
        "visitDate": "2023-04-14",
        "countyName": "Bradley, TN"
      },
      {
        "name": "McMinn__TN",
        "visitDate": "2023-04-14",
        "countyName": "McMinn, TN"
      },
      {
        "name": "Monroe__TN",
        "visitDate": "2023-04-14",
        "countyName": "Monroe, TN"
      },
      {
        "name": "Loudon__TN",
        "visitDate": "2023-04-14",
        "countyName": "Loudon, TN"
      },
      {
        "name": "Roane__TN",
        "visitDate": "2023-04-14",
        "countyName": "Roane, TN"
      },
      {
        "name": "Anderson__TN",
        "visitDate": "2023-04-14",
        "countyName": "Anderson, TN"
      },
      {
        "name": "Knox__TN",
        "visitDate": "2023-04-14",
        "countyName": "Knox, TN"
      },
      {
        "name": "Philadelphia__PA",
        "visitDate": "2023-05-12",
        "countyName": "Philadelphia, PA"
      },
      {
        "name": "Camden__NJ",
        "visitDate": "2023-05-12",
        "countyName": "Camden, NJ"
      },
      {
        "name": "Burlington__NJ",
        "visitDate": "2023-05-12",
        "countyName": "Burlington, NJ"
      },
      {
        "name": "Mercer__NJ",
        "visitDate": "2023-05-12",
        "countyName": "Mercer, NJ"
      },
      {
        "name": "Bucks__PA",
        "visitDate": "2023-05-13",
        "countyName": "Bucks, PA"
      },
      {
        "name": "Delaware__PA",
        "visitDate": "2023-05-13",
        "countyName": "Delaware, PA"
      },
      {
        "name": "Chester__PA",
        "visitDate": "2023-05-13",
        "countyName": "Chester, PA"
      },
      {
        "name": "Suffolk__MA",
        "visitDate": "2023-09-15",
        "countyName": "Suffolk, MA"
      },
      {
        "name": "Middlesex__MA",
        "visitDate": "2023-09-16",
        "countyName": "Middlesex, MA"
      },
      {
        "name": "Stephens__GA",
        "visitDate": "2023-10-07",
        "countyName": "Stephens, GA"
      },
      {
        "name": "Franklin__GA",
        "visitDate": "2023-10-07",
        "countyName": "Franklin, GA"
      },
      {
        "name": "Banks__GA",
        "visitDate": "2023-10-09",
        "countyName": "Banks, GA"
      },
      {
        "name": "Jackson__GA",
        "visitDate": "2023-10-09",
        "countyName": "Jackson, GA"
      },
      {
        "name": "Barrow__GA",
        "visitDate": "2023-10-09",
        "countyName": "Barrow, GA"
      },
      {
        "name": "Hart__GA",
        "visitDate": "2023-10-09",
        "countyName": "Hart, GA"
      },
      {
        "name": "Oconee__SC",
        "visitDate": "2023-10-09",
        "countyName": "Oconee, SC"
      },
      {
        "name": "Anderson__SC",
        "visitDate": "2023-10-09",
        "countyName": "Anderson, SC"
      },
      {
        "name": "Greenville__SC",
        "visitDate": "2023-10-09",
        "countyName": "Greenville, SC"
      },
      {
        "name": "Spartanburg__SC",
        "visitDate": "2023-10-09",
        "countyName": "Spartanburg, SC"
      },
      {
        "name": "Polk__NC",
        "visitDate": "2023-10-09",
        "countyName": "Polk, NC"
      },
      {
        "name": "Rutherford__NC",
        "visitDate": "2023-10-09",
        "countyName": "Rutherford, NC"
      },
      {
        "name": "McDowell__NC",
        "visitDate": "2023-10-09",
        "countyName": "McDowell, NC"
      },
      {
        "name": "Yancey__NC",
        "visitDate": "2023-10-09",
        "countyName": "Yancey, NC"
      },
      {
        "name": "Buncombe__NC",
        "visitDate": "2023-10-09",
        "countyName": "Buncombe, NC"
      },
      {
        "name": "Henderson__NC",
        "visitDate": "2023-10-09",
        "countyName": "Henderson, NC"
      },
      {
        "name": "Transylvania__NC",
        "visitDate": "2023-10-09",
        "countyName": "Transylvania, NC"
      },
      {
        "name": "Walker__GA",
        "visitDate": "2023-11-11",
        "countyName": "Walker, GA"
      },
      {
        "name": "Greene__GA",
        "visitDate": "2023-11-11",
        "countyName": "Greene, GA"
      },
      {
        "name": "Taliaferro__GA",
        "visitDate": "2023-11-11",
        "countyName": "Taliaferro, GA"
      },
      {
        "name": "Warren__GA",
        "visitDate": "2023-11-11",
        "countyName": "Warren, GA"
      },
      {
        "name": "McDuffie__GA",
        "visitDate": "2023-11-11",
        "countyName": "McDuffie, GA"
      },
      {
        "name": "Columbia__GA",
        "visitDate": "2023-11-11",
        "countyName": "Columbia, GA"
      },
      {
        "name": "Richmond__GA",
        "visitDate": "2023-11-11",
        "countyName": "Richmond, GA"
      },
      {
        "name": "Jefferson__LA",
        "visitDate": "2023-11-20",
        "countyName": "Jefferson, LA"
      },
      {
        "name": "Orleans__LA",
        "visitDate": "2023-11-20",
        "countyName": "Orleans, LA"
      },
      {
        "name": "St__Tammany__LA",
        "visitDate": "2023-11-22",
        "countyName": "St. Tammany, LA"
      },
      {
        "name": "Tangipahoa__LA",
        "visitDate": "2023-11-22",
        "countyName": "Tangipahoa, LA"
      },
      {
        "name": "St__John_the_Baptist__LA",
        "visitDate": "2023-11-22",
        "countyName": "St. John the Baptist, LA"
      },
      {
        "name": "St__James__LA",
        "visitDate": "2023-11-22",
        "countyName": "St. James, LA"
      },
      {
        "name": "Lafourche__LA",
        "visitDate": "2023-11-22",
        "countyName": "Lafourche, LA"
      },
      {
        "name": "Terrebonne__LA",
        "visitDate": "2023-11-22",
        "countyName": "Terrebonne, LA"
      },
      {
        "name": "St__Charles__LA",
        "visitDate": "2023-11-22",
        "countyName": "St. Charles, LA"
      }
    ]
  }
}